Provider,Agent Type,Test ID,Success,Accuracy Score,Response Time (s),JSON Stability,Completeness,Model,Error
google,source_code,test_ecc_vulnerable,False,0.000,0.000,0.000,0.000,unknown,'Future' object has no attribute 'get'
google,source_code,test_legacy_crypto_mix,False,0.000,0.000,0.000,0.000,unknown,'Future' object has no attribute 'get'
google,source_code,test_korean_seed,False,0.000,0.000,0.000,0.000,unknown,'Future' object has no attribute 'get'
google,source_code,test_korean_aria,False,0.000,0.000,0.000,0.000,unknown,'Future' object has no attribute 'get'
google,source_code,test_rsa_vulnerable,False,0.000,0.000,0.000,0.000,unknown,'Future' object has no attribute 'get'
google,assembly_binary,test_dsa_dh,False,0.000,0.000,0.000,0.000,unknown,'Future' object has no attribute 'get'
google,assembly_binary,test_rsa_modexp,False,0.000,0.000,0.000,0.000,unknown,'Future' object has no attribute 'get'
google,assembly_binary,test_ecc_point_mul,False,0.000,0.000,0.000,0.000,unknown,'Future' object has no attribute 'get'
google,assembly_binary,test_korean_seed,False,0.000,0.000,0.000,0.000,unknown,'Future' object has no attribute 'get'
google,assembly_binary,test_des_3des,False,0.000,0.000,0.000,0.000,unknown,'Future' object has no attribute 'get'
google,dynamic_analysis,test_ecc_key_exchange,False,0.000,0.000,0.000,0.000,unknown,'Future' object has no attribute 'get'
google,dynamic_analysis,test_legacy_hash_usage,False,0.000,0.000,0.000,0.000,unknown,'Future' object has no attribute 'get'
google,dynamic_analysis,test_rsa_api_calls,False,0.000,0.000,0.000,0.000,unknown,'Future' object has no attribute 'get'
google,dynamic_analysis,test_rc4_des_runtime,False,0.000,0.000,0.000,0.000,unknown,'Future' object has no attribute 'get'
google,logs_config,test_crypto_audit_logs,False,0.000,0.000,0.000,0.000,unknown,'Future' object has no attribute 'get'
google,logs_config,test_korean_crypto_config,False,0.000,0.000,0.000,0.000,unknown,'Future' object has no attribute 'get'
google,logs_config,test_nginx_tls_config,False,0.000,0.000,0.000,0.000,unknown,'Future' object has no attribute 'get'
google,logs_config,test_openssl_cipher_logs,False,0.000,0.000,0.000,0.000,unknown,'Future' object has no attribute 'get'
google,logs_config,test_ssl_config_vulnerable,False,0.000,0.000,0.000,0.000,unknown,'Future' object has no attribute 'get'
